uniqId,Name,Id
0,american horror story,tt1844624
1,maniac,tt5580146
2,grey's anatomy,tt0413573
3,shameless,tt1586680
4,game of thrones,tt0944947
5,the big bang theory,tt0898266
6,titans,tt1043813
7,manifest,tt8421350
8,the walking dead,tt1520211
9,better call saul,tt3032476
10,mayans m.c.,tt5715524
11,ozark,tt5071412
12,9-1-1,tt7235466
13,this is us,tt5555260
14,the good doctor,tt6470478
15,jack ryan,tt5057054
16,lethal weapon,tt5164196
17,fear the walking dead,tt3743822
18,the good place,tt4955642
19,fbi,tt7491982
20,a discovery of witches,tt2177461
21,a million little things,tt7608248
22,doctor who,tt0436992
23,the gifted,tt4396630
24,new amsterdam,tt7817340
25,daredevil,tt3322312
26,black mirror,tt2085059
27,killing eve,tt7016936
28,suits,tt1632701
29,criminal minds,tt0452046
30,the man in the high castle,tt1740299
31,last man standing,tt1828327
32,big mouth,tt6524350
33,supernatural,tt0460681
34,magnum p.i.,tt7942796
35,bodyguard,tt7493974
36,law & order: special victims unit,tt0203259
37,ncis: naval criminal investigative service,tt0364845
38,brooklyn nine-nine,tt2467372
39,south park,tt0121955
40,chilling adventures of sabrina,tt7569592
41,the office,tt0386676
42,it's always sunny in philadelphia,tt0472954
43,vikings,tt2306299
44,stranger things,tt4574334
45,the flash,tt3107288
46,friends,tt0108778
47,how to get away with murder,tt3205802
48,the handmaid's tale,tt5834204
49,modern family,tt1442437
50,the deuce,tt4998350
51,the purge,tt6110648
52,the sinner,tt6048596
53,peaky blinders,tt2442560
54,the resident,tt6483832
55,chicago fire,tt2261391
56,breaking bad,tt0903747
57,chicago p.d.,tt2805096
58,the blacklist,tt2741602
59,bojack horseman,tt3398228
60,gotham,tt3749900
61,arrow,tt2193021
62,atypical,tt6315640
63,the last ship,tt2402207
64,riverdale,tt5420376
65,the 100,tt2661044
66,the goldbergs,tt2712740
67,iron fist,tt3322310
68,ncis: los angeles,tt1378167
69,american vandal,tt6877772
70,outlander,tt3006802
71,la casa de papel,tt6468322
72,hawaii five-0,tt1600194
73,murphy brown,tt0094514
74,the good cop,tt7183074
75,westworld,tt0475784
76,élite,tt7134908
77,orange is the new black,tt2372162
78,vikingane,tt5905354
79,bull,tt5827228
80,castle rock,tt6548228
81,once upon a time,tt1843230
82,sons of anarchy,tt1124373
83,blue bloods,tt1595859
84,the cry,tt5473364
85,saturday night live,tt0072562
86,the cool kids,tt7725538
87,lucifer,tt4052886
88,seal team,tt6473344
89,rick and morty,tt2861424
90,elementary,tt2191671
91,god friended me,tt7948998
92,you,tt7335184
93,bob's burgers,tt1561755
94,the neighborhood,tt7942794
95,kidding,tt7375404
96,the marvelous mrs. maisel,tt5788792
97,chicago med,tt4655480
98,wynonna earp,tt4878326
99,happy together,tt7976568
100,planet earth ii,tt5491994
101,band of brothers,tt0185906
102,planet earth,tt0795176
103,game of thrones,tt0944947
104,breaking bad,tt0903747
105,the wire,tt0306414
106,cosmos: a spacetime odyssey,tt2395695
107,rick and morty,tt2861424
108,cosmos,tt0081846
109,blue planet ii,tt6769208
110,the sopranos,tt0141842
111,the world at war,tt0071075
112,avatar: the last airbender,tt0417299
113,life,tt1533395
114,sherlock,tt1475582
115,human planet,tt1806234
116,the twilight zone,tt0052520
117,the vietnam war,tt1877514
118,dekalog,tt0092337
119,the civil war,tt0098769
120,firefly,tt0303461
121,true detective,tt2356777
122,hagane no renkinjutsushi,tt1355642
123,fargo,tt2802850
124,apocalypse: la 2ème guerre mondiale,tt1508238
125,last week tonight with john oliver,tt3530232
126,batman: the animated series,tt0103359
127,death note: desu nôto,tt0877057
128,the blue planet,tt0296310
129,kaubôi bibappu,tt0213338
130,frozen planet,tt2092588
131,one punch man: wanpanman,tt4508902
132,black mirror,tt2085059
133,pride and prejudice,tt0112130
134,monty python's flying circus,tt0063929
135,das boot,tt0081834
136,africa,tt2571774
137,friends,tt0108778
138,stranger things,tt4574334
139,arrested development,tt0367279
140,house of cards,tt1856010
141,seinfeld,tt0098904
142,only fools and horses....,tt0081912
143,westworld,tt0475784
144,over the garden wall,tt3718778
145,twin peaks,tt0098936
146,gravity falls,tt1865718
147,narcos,tt2707408
148,freaks and geeks,tt0193676
149,cobra kai,tt7221388
150,"i, claudius",tt0074006
151,tvf pitchers,tt4742876
152,fawlty towers,tt0072500
153,sacred games,tt6077448
154,blackadder goes forth,tt0096548
155,the office,tt0386676
156,peaky blinders,tt2442560
157,rome,tt0384766
158,oz,tt0118421
159,the simpsons,tt0096697
160,it's always sunny in philadelphia,tt0472954
161,shingeki no kyojin,tt2560140
162,south park,tt0121955
163,house m.d.,tt0412142
164,the west wing,tt0200276
165,nathan for you,tt2297757
166,the jinx: the life and deaths of robert durst,tt4299972
167,chappelle's show,tt0353049
168,lonesome dove,tt0096639
169,dragon ball z,tt0214341
170,curb your enthusiasm,tt0264235
171,dragon ball z: doragon bôru zetto,tt0121220
172,deadwood,tt0348914
173,six feet under,tt0248654
174,the adventures of sherlock holmes,tt0086661
175,steins;gate,tt1910272
176,battlestar galactica,tt0407362
177,better call saul,tt3032476
178,this is us,tt5555260
179,the thick of it,tt0459159
180,the crown,tt4786824
181,the memoirs of sherlock holmes,tt0108855
182,the return of sherlock holmes,tt0090509
183,yeh meri family,tt8595766
184,top gear,tt1628033
185,masum,tt6478318
186,the shield,tt0286486
187,the x files,tt0106179
188,archer,tt1486217
189,from the earth to the moon,tt0120570
190,dexter,tt0773262
191,black-adder ii,tt0088484
192,downton abbey,tt1606375
193,making a murderer,tt5189670
194,north & south,tt0417349
195,the marvelous mrs. maisel,tt5788792
196,monster,tt0434706
197,daredevil,tt3322312
198,long way round,tt0403778
199,doctor who,tt0436992
200,young justice,tt1641384
201,kôdo giasu: hangyaku no rurûshu,tt0994314
202,shameless,tt1586680
203,black adder the third,tt0092324
204,parks and recreation,tt1266020
205,star trek: the next generation,tt0092455
206,bron/broen,tt1733785
207,battlestar galactica,tt0314979
208,spaced,tt0187664
209,umbre,tt4269716
210,the grand tour,tt5712554
211,hagane no renkinjutsushi,tt0421357
212,rurouni kenshin: meiji kenkaku romantan: tsuioku hen,tt0203082
213,gomorra: la serie,tt2049116
214,through the wormhole,tt1513168
215,qi,tt0380136
216,the punisher,tt5675620
217,mad men,tt0804503
218,the defiant ones,tt6958022
219,leyla ile mecnun,tt1831164
220,the bugs bunny show,tt0053488
221,atlanta,tt4288182
222,skam,tt5288312
223,friday night lights,tt0758745
224,dark,tt5753856
225,yes minister,tt0080306
226,chef's table,tt4295140
227,father ted,tt0111958
228,mystery science theater 3000,tt0094517
229,brass eye,tt0118273
230,peep show,tt0387764
231,justice league,tt0275137
232,flight of the conchords,tt0863046
233,generation kill,tt0995832
234,shin seiki evangerion,tt0112159
235,justified,tt1489428
236,the newsroom,tt1870479
237,seinto seiya,tt0161952
238,"yes, prime minister",tt0086831
239,poirot,tt0094525
240,big little lies,tt3920596
241,la casa de papel,tt6468322
242,hunter x hunter,tt2098220
243,boardwalk empire,tt0979432
244,the night of,tt2401256
245,john adams,tt0472027
246,louie,tt1492966
247,adventure time with finn & jake,tt1305826
248,the untold history of the united states,tt1494191
249,homicide: life on the street,tt0106028
250,mindhunter,tt5290382
251,samurai chanpurû,tt0423731
252,alfred hitchcock presents,tt0047708
253,brideshead revisited,tt0083390
254,coupling,tt0237123
255,the handmaid's tale,tt5834204
256,kenpû denki beruseruku,tt0318871
257,dragon ball: doragon bôru,tt0088509
258,vikings,tt2306299
259,dragon ball,tt0280249
260,horace and pete,tt5425186
261,dr. horrible's sing-along blog,tt1227926
262,the it crowd,tt0487831
263,the office,tt0290978
264,impractical jokers,tt2100976
265,silicon valley,tt2575988
266,the eric andre show,tt2244495
267,whose line is it anyway?,tt0163507
268,mr. bean,tt0096657
269,queer eye,tt7259746
270,feud,tt1984119
271,the new batman adventures,tt0118266
272,house of cards,tt0098825
273,tinker tailor soldier spy,tt0080297
274,mr. robot,tt4158110
275,twin peaks,tt4093826
276,luther,tt1474684
277,black books,tt0262150
278,spartacus: gods of the arena,tt1758429
279,hannibal,tt2243973
280,the prisoner,tt0061287
281,kôkaku kidôtai: stand alone complex,tt0346314
282,the daily show,tt0115147
283,american crime story,tt2788432
284,detectorists,tt4082744
285,futurama,tt0149460
286,boku dake ga inai machi,tt5249462
287,ash vs evil dead,tt4189022
288,jesus of nazareth,tt0075520
289,rurôni kenshin -meiji kenkaku romantan,tt0182629
290,wentworth,tt2433738
291,sons of anarchy,tt1124373
292,i'm alan partridge,tt0129690
293,the knick,tt2937900
294,endeavour,tt2701582
295,bojack horseman,tt3398228
296,the venture bros.,tt0417373
297,spartacus: blood and sand,tt1442449
298,line of duty,tt2303687
299,community,tt1439629
300,the legend of korra,tt1695360
301,the colbert report,tt0458254
302,x-men,tt0103584
303,scener ur ett äktenskap,tt0070644
304,taboo,tt3647998
305,"unsere mütter, unsere väter",tt1883092
306,suits,tt1632701
307,behzat ç.: bir ankara polisiyesi,tt1795096
308,one piece: wan pîsu,tt0388629
309,police squad!,tt0083466
310,happy valley,tt3428912
311,carnivàle,tt0319969
312,garth marenghi's darkplace,tt0397150
313,utopia,tt2384811
314,samurai jack,tt0278238
315,the angry video game nerd,tt1230180
316,"inside look: the people v. o.j. simpson, american crime story",tt6205862
317,kardes payi,tt3671754
318,modern family,tt1442437
319,state of play,tt0362192
320,entourage,tt0387199
321,borgen,tt1526318
322,doctor who,tt0056751
323,who is america?,tt8679236
324,the muppet show,tt0074028
325,inside no. 9,tt2674806
326,permanent roommates,tt4156586
327,jeeves and wooster,tt0098833
328,fringe,tt1119644
329,billions,tt4270492
330,supernatural,tt0460681
331,babylon berlin,tt4378376
332,brooklyn nine-nine,tt2467372
333,broadchurch,tt2249364
334,lost,tt0411008
335,ozark,tt5071412
336,the inbetweeners,tt1220617
337,person of interest,tt1839578
338,legion,tt5114356
339,the americans,tt2149175
340,the good fight,tt5853176
341,m*a*s*h,tt0068098
342,ezel,tt1534360
343,the expanse,tt3230854
344,i love lucy,tt0043208
345,scrubs,tt0285403
346,olive kitteridge,tt3012698
347,boston legal,tt0402711
348,star trek,tt0060028
349,naruto: shippûden,tt0988824
